Test no, Test Name, Learner, Trainer, C_0, C_1, Value selected , Correction , Date, Answering Time (ms), Series, Variant, Trial, Labels
1, dice, matias Lopez, Diego Neira, 2, 3, 3, true, [2026-09-25 14:43(28.791)], 835, 1, 1, 1, Labels [2, 3]
2, dice, matias Lopez, Diego Neira, 3, 1, 3, true, [2026-09-25 14:43(30.510)], 717, 1, 1, 2, Labels [3, 1]
3, dice, matias Lopez, Diego Neira, 6, 1, 6, true, [2026-09-25 14:43(32.217)], 705, 1, 1, 3, Labels [6, 1]
4, dice, matias Lopez, Diego Neira, 4, 1, 4, true, [2026-09-25 14:43(33.803)], 584, 1, 1, 4, Labels [4, 1]
5, dice, matias Lopez, Diego Neira, 2, 4, 4, true, [2026-09-25 14:43(35.446)], 641, 1, 1, 5, Labels [2, 4]
6, dice, matias Lopez, Diego Neira, 1, 2, 2, true, [2026-09-25 14:43(37.172)], 724, 1, 1, 6, Labels [1, 2]
7, dice, matias Lopez, Diego Neira, 5, 1, 5, true, [2026-09-25 14:43(38.677)], 503, 1, 1, 7, Labels [5, 1]
8, dice, matias Lopez, Diego Neira, 6, 3, 6, true, [2026-09-25 14:43(40.432)], 753, 1, 1, 8, Labels [6, 3]
9, dice, matias Lopez, Diego Neira, 4, 3, 4, true, [2026-09-25 14:43(42.164)], 730, 1, 1, 9, Labels [4, 3]
10, dice, matias Lopez, Diego Neira, 6, 5, 6, true, [2026-09-25 14:43(43.880)], 714, 1, 1, 10, Labels [6, 5]
11, dice, matias Lopez, Diego Neira, 2, 1, 2, true, [2026-09-25 14:43(45.541)], 660, 1, 1, 11, Labels [2, 1]
12, dice, matias Lopez, Diego Neira, 2, 6, 6, true, [2026-09-25 14:43(47.158)], 615, 1, 1, 12, Labels [2, 6]
13, dice, matias Lopez, Diego Neira, 2, 3, 3, true, [2026-09-25 14:43(48.916)], 756, 1, 1, 13, Labels [2, 3]
14, dice, matias Lopez, Diego Neira, 6, 5, 6, true, [2026-09-25 14:43(50.785)], 867, 1, 1, 14, Labels [6, 5]
15, dice, matias Lopez, Diego Neira, 6, 3, 6, true, [2026-09-25 14:43(52.548)], 761, 1, 1, 15, Labels [6, 3]
16, dice, matias Lopez, Diego Neira, 5, 4, 5, true, [2026-09-25 14:43(54.574)], 1025, 1, 1, 16, Labels [5, 4]
17, dice, matias Lopez, Diego Neira, 3, 1, 3, true, [2026-09-25 14:43(56.385)], 808, 1, 1, 17, Labels [3, 1]
18, dice, matias Lopez, Diego Neira, 3, 5, 5, true, [2026-09-25 14:43(58.138)], 751, 1, 1, 18, Labels [3, 5]
19, dice, matias Lopez, Diego Neira, 5, 1, 5, true, [2026-09-25 14:43(59.764)], 624, 1, 1, 19, Labels [5, 1]
20, dice, matias Lopez, Diego Neira, 6, 3, 6, true, [2026-09-25 14:44(01.444)], 677, 1, 1, 20, Labels [6, 3]
21, Correct_Dice, matias Lopez, Diego Neira, 4, 5, 5, true, [2026-09-25 14:44(04.718)], 1272, 1, 2, 1, Labels [4, 5]
22, Correct_Dice, matias Lopez, Diego Neira, 4, 2, 4, true, [2026-09-25 14:44(06.390)], 670, 1, 2, 2, Labels [4, 2]
23, Correct_Dice, matias Lopez, Diego Neira, 6, 2, 6, true, [2026-09-25 14:44(08.84)], 692, 1, 2, 3, Labels [6, 2]
24, Correct_Dice, matias Lopez, Diego Neira, 3, 2, 3, true, [2026-09-25 14:44(09.878)], 792, 1, 2, 4, Labels [3, 2]
25, Correct_Dice, matias Lopez, Diego Neira, 6, 1, 6, true, [2026-09-25 14:44(11.444)], 565, 1, 2, 5, Labels [6, 1]
26, Correct_Dice, matias Lopez, Diego Neira, 3, 1, 3, true, [2026-09-25 14:44(13.42)], 596, 1, 2, 6, Labels [3, 1]
27, Correct_Dice, matias Lopez, Diego Neira, 3, 5, 5, true, [2026-09-25 14:44(14.531)], 487, 1, 2, 7, Labels [3, 5]
28, Correct_Dice, matias Lopez, Diego Neira, 1, 6, 6, true, [2026-09-25 14:44(16.206)], 673, 1, 2, 8, Labels [1, 6]
29, Correct_Dice, matias Lopez, Diego Neira, 6, 2, 6, true, [2026-09-25 14:44(17.933)], 725, 1, 2, 9, Labels [6, 2]
30, Correct_Dice, matias Lopez, Diego Neira, 2, 5, 5, true, [2026-09-25 14:44(19.597)], 663, 1, 2, 10, Labels [2, 5]
31, Correct_Dice, matias Lopez, Diego Neira, 1, 6, 6, true, [2026-09-25 14:44(21.110)], 511, 1, 2, 11, Labels [1, 6]
32, Correct_Dice, matias Lopez, Diego Neira, 2, 3, 3, true, [2026-09-25 14:44(22.941)], 829, 1, 2, 12, Labels [2, 3]
33, Correct_Dice, matias Lopez, Diego Neira, 1, 3, 3, true, [2026-09-25 14:44(24.657)], 714, 1, 2, 13, Labels [1, 3]
34, Correct_Dice, matias Lopez, Diego Neira, 4, 1, 4, true, [2026-09-25 14:44(26.206)], 547, 1, 2, 14, Labels [4, 1]
35, Correct_Dice, matias Lopez, Diego Neira, 2, 5, 5, true, [2026-09-25 14:44(27.655)], 447, 1, 2, 15, Labels [2, 5]
36, Correct_Dice, matias Lopez, Diego Neira, 5, 2, 5, true, [2026-09-25 14:44(29.231)], 574, 1, 2, 16, Labels [5, 2]
37, Correct_Dice, matias Lopez, Diego Neira, 3, 2, 3, true, [2026-09-25 14:44(30.781)], 548, 1, 2, 17, Labels [3, 2]
38, Correct_Dice, matias Lopez, Diego Neira, 1, 3, 3, true, [2026-09-25 14:44(32.282)], 499, 1, 2, 18, Labels [1, 3]
39, Correct_Dice, matias Lopez, Diego Neira, 2, 1, 2, true, [2026-09-25 14:44(33.798)], 514, 1, 2, 19, Labels [2, 1]
40, Correct_Dice, matias Lopez, Diego Neira, 6, 4, 6, true, [2026-09-25 14:44(35.447)], 647, 1, 2, 20, Labels [6, 4]
41, Incorrect_Dice, matias Lopez, Diego Neira, 1, 6, 6, true, [2026-09-25 14:44(37.964)], 515, 1, 3, 1, Labels [9, 0]
42, Incorrect_Dice, matias Lopez, Diego Neira, 5, 2, 5, true, [2026-09-25 14:44(39.429)], 463, 1, 3, 2, Labels [1, 9]
43, Incorrect_Dice, matias Lopez, Diego Neira, 2, 3, 3, true, [2026-09-25 14:44(40.890)], 459, 1, 3, 3, Labels [7, 2]
44, Incorrect_Dice, matias Lopez, Diego Neira, 6, 4, 6, true, [2026-09-25 14:44(42.377)], 485, 1, 3, 4, Labels [4, 9]
45, Incorrect_Dice, matias Lopez, Diego Neira, 5, 6, 6, true, [2026-09-25 14:44(43.918)], 538, 1, 3, 5, Labels [6, 2]
46, Incorrect_Dice, matias Lopez, Diego Neira, 5, 1, 5, true, [2026-09-25 14:44(45.424)], 504, 1, 3, 6, Labels [1, 5]
47, Incorrect_Dice, matias Lopez, Diego Neira, 2, 1, 2, true, [2026-09-25 14:44(47.3)], 577, 1, 3, 7, Labels [1, 5]
48, Incorrect_Dice, matias Lopez, Diego Neira, 4, 5, 5, true, [2026-09-25 14:44(48.624)], 619, 1, 3, 8, Labels [8, 3]
49, Incorrect_Dice, matias Lopez, Diego Neira, 4, 6, 6, true, [2026-09-25 14:44(50.166)], 540, 1, 3, 9, Labels [9, 3]
50, Incorrect_Dice, matias Lopez, Diego Neira, 5, 3, 5, true, [2026-09-25 14:44(51.863)], 695, 1, 3, 10, Labels [1, 7]
51, Incorrect_Dice, matias Lopez, Diego Neira, 1, 2, 2, true, [2026-09-25 14:44(53.340)], 475, 1, 3, 11, Labels [8, 0]
52, Incorrect_Dice, matias Lopez, Diego Neira, 1, 3, 3, true, [2026-09-25 14:44(54.824)], 482, 1, 3, 12, Labels [5, 1]
53, Incorrect_Dice, matias Lopez, Diego Neira, 5, 1, 5, true, [2026-09-25 14:44(56.299)], 473, 1, 3, 13, Labels [0, 8]
54, Incorrect_Dice, matias Lopez, Diego Neira, 4, 3, 4, true, [2026-09-25 14:44(57.879)], 578, 1, 3, 14, Labels [2, 9]
55, Incorrect_Dice, matias Lopez, Diego Neira, 5, 2, 5, true, [2026-09-25 14:44(59.518)], 637, 1, 3, 15, Labels [0, 6]
56, Incorrect_Dice, matias Lopez, Diego Neira, 5, 6, 6, true, [2026-09-25 14:45(01.140)], 620, 1, 3, 16, Labels [6, 3]
57, Incorrect_Dice, matias Lopez, Diego Neira, 2, 3, 3, true, [2026-09-25 14:45(02.705)], 563, 1, 3, 17, Labels [6, 0]
58, Incorrect_Dice, matias Lopez, Diego Neira, 3, 4, 4, true, [2026-09-25 14:45(04.384)], 677, 1, 3, 18, Labels [7, 1]
59, Incorrect_Dice, matias Lopez, Diego Neira, 3, 4, 4, true, [2026-09-25 14:45(05.960)], 574, 1, 3, 19, Labels [6, 3]
60, Incorrect_Dice, matias Lopez, Diego Neira, 3, 2, 3, true, [2026-09-25 14:45(07.884)], 922, 1, 3, 20, Labels [0, 7]
61, dice, matias Lopez, Diego Neira, 3, 1, 3, true, [2026-09-25 14:45(11.905)], 2018, 2, 1, 1, Labels [3, 1]
62, dice, matias Lopez, Diego Neira, 6, 2, 6, true, [2026-09-25 14:45(13.596)], 688, 2, 1, 2, Labels [6, 2]
63, dice, matias Lopez, Diego Neira, 6, 3, 6, true, [2026-09-25 14:45(15.279)], 680, 2, 1, 3, Labels [6, 3]
64, dice, matias Lopez, Diego Neira, 1, 5, 5, true, [2026-09-25 14:45(17.68)], 787, 2, 1, 4, Labels [1, 5]
65, dice, matias Lopez, Diego Neira, 1, 6, 6, true, [2026-09-25 14:45(18.968)], 898, 2, 1, 5, Labels [1, 6]
66, dice, matias Lopez, Diego Neira, 5, 1, 5, true, [2026-09-25 14:45(20.559)], 589, 2, 1, 6, Labels [5, 1]
67, dice, matias Lopez, Diego Neira, 1, 6, 6, true, [2026-09-25 14:45(22.194)], 634, 2, 1, 7, Labels [1, 6]
68, dice, matias Lopez, Diego Neira, 2, 3, 3, true, [2026-09-25 14:45(23.946)], 750, 2, 1, 8, Labels [2, 3]
69, dice, matias Lopez, Diego Neira, 5, 4, 5, true, [2026-09-25 14:45(25.771)], 822, 2, 1, 9, Labels [5, 4]
70, dice, matias Lopez, Diego Neira, 3, 6, 6, true, [2026-09-25 14:45(27.423)], 650, 2, 1, 10, Labels [3, 6]
71, dice, matias Lopez, Diego Neira, 2, 3, 3, true, [2026-09-25 14:45(29.65)], 640, 2, 1, 11, Labels [2, 3]
72, dice, matias Lopez, Diego Neira, 4, 5, 5, true, [2026-09-25 14:45(30.757)], 690, 2, 1, 12, Labels [4, 5]
73, dice, matias Lopez, Diego Neira, 2, 3, 3, true, [2026-09-25 14:45(32.428)], 669, 2, 1, 13, Labels [2, 3]
74, dice, matias Lopez, Diego Neira, 6, 2, 6, true, [2026-09-25 14:45(34.48)], 618, 2, 1, 14, Labels [6, 2]
75, dice, matias Lopez, Diego Neira, 5, 3, 5, true, [2026-09-25 14:45(35.680)], 630, 2, 1, 15, Labels [5, 3]
76, dice, matias Lopez, Diego Neira, 2, 5, 5, true, [2026-09-25 14:45(37.175)], 493, 2, 1, 16, Labels [2, 5]
77, dice, matias Lopez, Diego Neira, 1, 3, 3, true, [2026-09-25 14:45(38.744)], 567, 2, 1, 17, Labels [1, 3]
78, dice, matias Lopez, Diego Neira, 3, 1, 3, true, [2026-09-25 14:45(40.311)], 565, 2, 1, 18, Labels [3, 1]
79, dice, matias Lopez, Diego Neira, 2, 4, 4, true, [2026-09-25 14:45(41.735)], 421, 2, 1, 19, Labels [2, 4]
80, dice, matias Lopez, Diego Neira, 5, 4, 5, true, [2026-09-25 14:45(43.389)], 652, 2, 1, 20, Labels [5, 4]
81, Correct_Dice, matias Lopez, Diego Neira, 6, 3, 6, true, [2026-09-25 14:45(45.973)], 581, 2, 2, 1, Labels [6, 3]
82, Correct_Dice, matias Lopez, Diego Neira, 6, 1, 6, true, [2026-09-25 14:45(47.501)], 525, 2, 2, 2, Labels [6, 1]
83, Correct_Dice, matias Lopez, Diego Neira, 4, 6, 6, true, [2026-09-25 14:45(48.953)], 450, 2, 2, 3, Labels [4, 6]
84, Correct_Dice, matias Lopez, Diego Neira, 3, 1, 3, true, [2026-09-25 14:45(50.485)], 530, 2, 2, 4, Labels [3, 1]
85, Correct_Dice, matias Lopez, Diego Neira, 3, 4, 4, true, [2026-09-25 14:45(51.968)], 480, 2, 2, 5, Labels [3, 4]
86, Correct_Dice, matias Lopez, Diego Neira, 5, 2, 5, true, [2026-09-25 14:45(53.514)], 544, 2, 2, 6, Labels [5, 2]
87, Correct_Dice, matias Lopez, Diego Neira, 1, 2, 2, true, [2026-09-25 14:45(55.76)], 560, 2, 2, 7, Labels [1, 2]
88, Correct_Dice, matias Lopez, Diego Neira, 6, 4, 6, true, [2026-09-25 14:45(56.541)], 462, 2, 2, 8, Labels [6, 4]
89, Correct_Dice, matias Lopez, Diego Neira, 2, 1, 2, true, [2026-09-25 14:45(58.155)], 611, 2, 2, 9, Labels [2, 1]
90, Correct_Dice, matias Lopez, Diego Neira, 2, 6, 6, true, [2026-09-25 14:45(59.599)], 442, 2, 2, 10, Labels [2, 6]
91, Correct_Dice, matias Lopez, Diego Neira, 5, 3, 5, true, [2026-09-25 14:46(01.201)], 599, 2, 2, 11, Labels [5, 3]
92, Correct_Dice, matias Lopez, Diego Neira, 6, 3, 6, true, [2026-09-25 14:46(02.650)], 446, 2, 2, 12, Labels [6, 3]
93, Correct_Dice, matias Lopez, Diego Neira, 3, 5, 5, true, [2026-09-25 14:46(04.230)], 577, 2, 2, 13, Labels [3, 5]
94, Correct_Dice, matias Lopez, Diego Neira, 1, 2, 2, true, [2026-09-25 14:46(05.784)], 552, 2, 2, 14, Labels [1, 2]
95, Correct_Dice, matias Lopez, Diego Neira, 6, 4, 6, true, [2026-09-25 14:46(07.382)], 596, 2, 2, 15, Labels [6, 4]
96, Correct_Dice, matias Lopez, Diego Neira, 1, 2, 2, true, [2026-09-25 14:46(09.536)], 1152, 2, 2, 16, Labels [1, 2]
97, Correct_Dice, matias Lopez, Diego Neira, 2, 1, 2, true, [2026-09-25 14:46(11.116)], 577, 2, 2, 17, Labels [2, 1]
98, Correct_Dice, matias Lopez, Diego Neira, 5, 6, 6, true, [2026-09-25 14:46(12.940)], 822, 2, 2, 18, Labels [5, 6]
99, Correct_Dice, matias Lopez, Diego Neira, 4, 3, 4, true, [2026-09-25 14:46(14.691)], 749, 2, 2, 19, Labels [4, 3]
100, Correct_Dice, matias Lopez, Diego Neira, 2, 4, 4, true, [2026-09-25 14:46(16.256)], 562, 2, 2, 20, Labels [2, 4]
101, Incorrect_Dice, matias Lopez, Diego Neira, 1, 3, 3, true, [2026-09-25 14:46(18.806)], 547, 2, 3, 1, Labels [8, 0]
102, Incorrect_Dice, matias Lopez, Diego Neira, 5, 2, 5, true, [2026-09-25 14:46(20.283)], 474, 2, 3, 2, Labels [0, 8]
103, Incorrect_Dice, matias Lopez, Diego Neira, 3, 4, 4, true, [2026-09-25 14:46(22.123)], 837, 2, 3, 3, Labels [7, 0]
104, Incorrect_Dice, matias Lopez, Diego Neira, 2, 1, 2, true, [2026-09-25 14:46(23.656)], 531, 2, 3, 4, Labels [0, 7]
105, Incorrect_Dice, matias Lopez, Diego Neira, 4, 6, 6, true, [2026-09-25 14:46(25.237)], 579, 2, 3, 5, Labels [7, 4]
106, Incorrect_Dice, matias Lopez, Diego Neira, 4, 1, 4, true, [2026-09-25 14:46(26.785)], 545, 2, 3, 6, Labels [1, 5]
107, Incorrect_Dice, matias Lopez, Diego Neira, 3, 5, 5, true, [2026-09-25 14:46(28.299)], 511, 2, 3, 7, Labels [9, 1]
108, Incorrect_Dice, matias Lopez, Diego Neira, 5, 3, 5, true, [2026-09-25 14:46(29.965)], 664, 2, 3, 8, Labels [3, 9]
109, Incorrect_Dice, matias Lopez, Diego Neira, 2, 6, 6, true, [2026-09-25 14:46(31.447)], 479, 2, 3, 9, Labels [8, 0]
110, Incorrect_Dice, matias Lopez, Diego Neira, 3, 5, 5, true, [2026-09-25 14:46(33.126)], 677, 2, 3, 10, Labels [9, 0]
111, Incorrect_Dice, matias Lopez, Diego Neira, 4, 1, 4, true, [2026-09-25 14:46(35.3)], 874, 2, 3, 11, Labels [1, 7]
112, Incorrect_Dice, matias Lopez, Diego Neira, 2, 1, 2, true, [2026-09-25 14:46(36.811)], 806, 2, 3, 12, Labels [0, 6]
113, Incorrect_Dice, matias Lopez, Diego Neira, 6, 2, 6, true, [2026-09-25 14:46(38.534)], 721, 2, 3, 13, Labels [0, 9]
114, Incorrect_Dice, matias Lopez, Diego Neira, 1, 6, 6, true, [2026-09-25 14:46(40.23)], 487, 2, 3, 14, Labels [7, 0]
115, Incorrect_Dice, matias Lopez, Diego Neira, 6, 2, 6, true, [2026-09-25 14:46(41.644)], 620, 2, 3, 15, Labels [1, 8]
116, Incorrect_Dice, matias Lopez, Diego Neira, 3, 4, 4, true, [2026-09-25 14:46(43.338)], 692, 2, 3, 16, Labels [6, 0]
117, Incorrect_Dice, matias Lopez, Diego Neira, 4, 2, 4, true, [2026-09-25 14:46(45.14)], 674, 2, 3, 17, Labels [0, 7]
118, Incorrect_Dice, matias Lopez, Diego Neira, 4, 2, 4, true, [2026-09-25 14:46(46.570)], 554, 2, 3, 18, Labels [1, 4]
119, Incorrect_Dice, matias Lopez, Diego Neira, 4, 6, 6, true, [2026-09-25 14:46(48.301)], 728, 2, 3, 19, Labels [7, 4]
120, Incorrect_Dice, matias Lopez, Diego Neira, 5, 3, 5, true, [2026-09-25 14:46(49.968)], 664, 2, 3, 20, Labels [3, 6]
121, dice, matias Lopez, Diego Neira, 1, 3, 3, true, [2026-09-25 14:46(52.696)], 725, 3, 1, 1, Labels [1, 3]
122, dice, matias Lopez, Diego Neira, 6, 4, 6, true, [2026-09-25 14:46(54.313)], 615, 3, 1, 2, Labels [6, 4]
123, dice, matias Lopez, Diego Neira, 2, 6, 6, true, [2026-09-25 14:46(55.782)], 466, 3, 1, 3, Labels [2, 6]
124, dice, matias Lopez, Diego Neira, 1, 2, 2, true, [2026-09-25 14:46(57.419)], 634, 3, 1, 4, Labels [1, 2]
125, dice, matias Lopez, Diego Neira, 2, 5, 5, true, [2026-09-25 14:46(59.41)], 619, 3, 1, 5, Labels [2, 5]
126, dice, matias Lopez, Diego Neira, 4, 1, 4, true, [2026-09-25 14:47(00.497)], 453, 3, 1, 6, Labels [4, 1]
127, dice, matias Lopez, Diego Neira, 6, 5, 6, true, [2026-09-25 14:47(02.119)], 620, 3, 1, 7, Labels [6, 5]
128, dice, matias Lopez, Diego Neira, 5, 2, 5, true, [2026-09-25 14:47(03.752)], 631, 3, 1, 8, Labels [5, 2]
129, dice, matias Lopez, Diego Neira, 1, 3, 3, true, [2026-09-25 14:47(05.284)], 530, 3, 1, 9, Labels [1, 3]
130, dice, matias Lopez, Diego Neira, 5, 1, 5, true, [2026-09-25 14:47(06.801)], 515, 3, 1, 10, Labels [5, 1]
131, dice, matias Lopez, Diego Neira, 1, 3, 3, true, [2026-09-25 14:47(08.296)], 493, 3, 1, 11, Labels [1, 3]
132, dice, matias Lopez, Diego Neira, 2, 6, 6, true, [2026-09-25 14:47(09.793)], 495, 3, 1, 12, Labels [2, 6]
133, dice, matias Lopez, Diego Neira, 1, 5, 5, true, [2026-09-25 14:47(11.336)], 540, 3, 1, 13, Labels [1, 5]
134, dice, matias Lopez, Diego Neira, 3, 6, 6, true, [2026-09-25 14:47(12.962)], 624, 3, 1, 14, Labels [3, 6]
135, dice, matias Lopez, Diego Neira, 1, 6, 6, true, [2026-09-25 14:47(14.510)], 545, 3, 1, 15, Labels [1, 6]
136, dice, matias Lopez, Diego Neira, 2, 3, 3, true, [2026-09-25 14:47(16.189)], 676, 3, 1, 16, Labels [2, 3]
137, dice, matias Lopez, Diego Neira, 5, 6, 6, true, [2026-09-25 14:47(17.783)], 591, 3, 1, 17, Labels [5, 6]
138, dice, matias Lopez, Diego Neira, 6, 4, 6, true, [2026-09-25 14:47(19.328)], 543, 3, 1, 18, Labels [6, 4]
139, dice, matias Lopez, Diego Neira, 3, 6, 6, true, [2026-09-25 14:47(20.806)], 475, 3, 1, 19, Labels [3, 6]
140, dice, matias Lopez, Diego Neira, 4, 2, 4, true, [2026-09-25 14:47(22.469)], 660, 3, 1, 20, Labels [4, 2]
141, Correct_Dice, matias Lopez, Diego Neira, 6, 2, 6, true, [2026-09-25 14:47(25.145)], 673, 3, 2, 1, Labels [6, 2]
142, Correct_Dice, matias Lopez, Diego Neira, 6, 5, 6, true, [2026-09-25 14:47(26.838)], 691, 3, 2, 2, Labels [6, 5]
143, Correct_Dice, matias Lopez, Diego Neira, 3, 1, 3, true, [2026-09-25 14:47(28.563)], 723, 3, 2, 3, Labels [3, 1]
144, Correct_Dice, matias Lopez, Diego Neira, 5, 6, 6, true, [2026-09-25 14:47(30.111)], 545, 3, 2, 4, Labels [5, 6]
145, Correct_Dice, matias Lopez, Diego Neira, 1, 3, 3, true, [2026-09-25 14:47(31.710)], 596, 3, 2, 5, Labels [1, 3]
146, Correct_Dice, matias Lopez, Diego Neira, 4, 1, 4, true, [2026-09-25 14:47(33.262)], 549, 3, 2, 6, Labels [4, 1]
147, Correct_Dice, matias Lopez, Diego Neira, 3, 4, 4, true, [2026-09-25 14:47(34.723)], 459, 3, 2, 7, Labels [3, 4]
148, Correct_Dice, matias Lopez, Diego Neira, 5, 2, 5, true, [2026-09-25 14:47(36.204)], 479, 3, 2, 8, Labels [5, 2]
149, Correct_Dice, matias Lopez, Diego Neira, 1, 3, 3, true, [2026-09-25 14:47(37.706)], 499, 3, 2, 9, Labels [1, 3]
150, Correct_Dice, matias Lopez, Diego Neira, 1, 2, 2, true, [2026-09-25 14:47(39.247)], 538, 3, 2, 10, Labels [1, 2]
151, Correct_Dice, matias Lopez, Diego Neira, 1, 6, 6, true, [2026-09-25 14:47(40.768)], 518, 3, 2, 11, Labels [1, 6]
152, Correct_Dice, matias Lopez, Diego Neira, 4, 6, 6, true, [2026-09-25 14:47(42.334)], 563, 3, 2, 12, Labels [4, 6]
153, Correct_Dice, matias Lopez, Diego Neira, 3, 1, 3, true, [2026-09-25 14:47(44.49)], 712, 3, 2, 13, Labels [3, 1]
154, Correct_Dice, matias Lopez, Diego Neira, 6, 4, 6, true, [2026-09-25 14:47(45.808)], 756, 3, 2, 14, Labels [6, 4]
155, Correct_Dice, matias Lopez, Diego Neira, 4, 3, 4, true, [2026-09-25 14:47(47.642)], 831, 3, 2, 15, Labels [4, 3]
156, Correct_Dice, matias Lopez, Diego Neira, 4, 5, 5, true, [2026-09-25 14:47(49.226)], 581, 3, 2, 16, Labels [4, 5]
157, Correct_Dice, matias Lopez, Diego Neira, 5, 3, 5, true, [2026-09-25 14:47(50.713)], 483, 3, 2, 17, Labels [5, 3]
158, Correct_Dice, matias Lopez, Diego Neira, 2, 6, 6, true, [2026-09-25 14:47(52.264)], 549, 3, 2, 18, Labels [2, 6]
159, Correct_Dice, matias Lopez, Diego Neira, 3, 6, 6, true, [2026-09-25 14:47(53.995)], 728, 3, 2, 19, Labels [3, 6]
160, Correct_Dice, matias Lopez, Diego Neira, 1, 2, 2, true, [2026-09-25 14:47(55.579)], 581, 3, 2, 20, Labels [1, 2]
161, Incorrect_Dice, matias Lopez, Diego Neira, 1, 6, 6, true, [2026-09-25 14:47(58.13)], 431, 3, 3, 1, Labels [8, 1]
162, Incorrect_Dice, matias Lopez, Diego Neira, 1, 3, 3, true, [2026-09-25 14:47(59.464)], 449, 3, 3, 2, Labels [8, 1]
163, Incorrect_Dice, matias Lopez, Diego Neira, 4, 1, 4, true, [2026-09-25 14:48(00.947)], 480, 3, 3, 3, Labels [0, 5]
164, Incorrect_Dice, matias Lopez, Diego Neira, 3, 2, 3, true, [2026-09-25 14:48(02.650)], 700, 3, 3, 4, Labels [2, 7]
165, Incorrect_Dice, matias Lopez, Diego Neira, 5, 3, 5, true, [2026-09-25 14:48(04.410)], 757, 3, 3, 5, Labels [2, 7]
166, Incorrect_Dice, matias Lopez, Diego Neira, 2, 4, 4, true, [2026-09-25 14:48(05.900)], 487, 3, 3, 6, Labels [8, 1]
167, Incorrect_Dice, matias Lopez, Diego Neira, 2, 1, 2, true, [2026-09-25 14:48(07.568)], 665, 3, 3, 7, Labels [1, 4]
168, Incorrect_Dice, matias Lopez, Diego Neira, 1, 5, 5, true, [2026-09-25 14:48(09.70)], 499, 3, 3, 8, Labels [9, 0]
169, Incorrect_Dice, matias Lopez, Diego Neira, 6, 1, 6, true, [2026-09-25 14:48(10.520)], 448, 3, 3, 9, Labels [1, 9]
170, Incorrect_Dice, matias Lopez, Diego Neira, 6, 1, 6, true, [2026-09-25 14:48(12.11)], 488, 3, 3, 10, Labels [0, 7]
171, Incorrect_Dice, matias Lopez, Diego Neira, 6, 1, 6, true, [2026-09-25 14:48(13.456)], 442, 3, 3, 11, Labels [0, 8]
172, Incorrect_Dice, matias Lopez, Diego Neira, 4, 2, 4, true, [2026-09-25 14:48(15.255)], 796, 3, 3, 12, Labels [0, 7]
173, Incorrect_Dice, matias Lopez, Diego Neira, 6, 3, 6, true, [2026-09-25 14:48(16.742)], 484, 3, 3, 13, Labels [0, 9]
174, Incorrect_Dice, matias Lopez, Diego Neira, 5, 2, 5, true, [2026-09-25 14:48(18.308)], 564, 3, 3, 14, Labels [0, 8]
175, Incorrect_Dice, matias Lopez, Diego Neira, 1, 5, 5, true, [2026-09-25 14:48(19.728)], 417, 3, 3, 15, Labels [7, 0]
176, Incorrect_Dice, matias Lopez, Diego Neira, 1, 6, 6, true, [2026-09-25 14:48(21.150)], 420, 3, 3, 16, Labels [7, 0]
177, Incorrect_Dice, matias Lopez, Diego Neira, 3, 1, 3, true, [2026-09-25 14:48(22.530)], 377, 3, 3, 17, Labels [1, 8]
178, Incorrect_Dice, matias Lopez, Diego Neira, 2, 1, 2, true, [2026-09-25 14:48(24.119)], 587, 3, 3, 18, Labels [1, 3]
179, Incorrect_Dice, matias Lopez, Diego Neira, 5, 4, 5, true, [2026-09-25 14:48(25.993)], 872, 3, 3, 19, Labels [0, 9]
180, Incorrect_Dice, matias Lopez, Diego Neira, 2, 5, 5, true, [2026-09-25 14:48(27.565)], 569, 3, 3, 20, Labels [7, 0]
181, dice, matias Lopez, Diego Neira, 3, 1, 3, true, [2026-09-25 14:48(30.117)], 549, 4, 1, 1, Labels [3, 1]
182, dice, matias Lopez, Diego Neira, 5, 6, 6, true, [2026-09-25 14:48(31.778)], 658, 4, 1, 2, Labels [5, 6]
183, dice, matias Lopez, Diego Neira, 2, 4, 4, true, [2026-09-25 14:48(33.345)], 564, 4, 1, 3, Labels [2, 4]
184, dice, matias Lopez, Diego Neira, 1, 4, 4, true, [2026-09-25 14:48(35.15)], 667, 4, 1, 4, Labels [1, 4]
185, dice, matias Lopez, Diego Neira, 3, 4, 4, true, [2026-09-25 14:48(36.594)], 576, 4, 1, 5, Labels [3, 4]
186, dice, matias Lopez, Diego Neira, 2, 6, 6, true, [2026-09-25 14:48(38.145)], 548, 4, 1, 6, Labels [2, 6]
187, dice, matias Lopez, Diego Neira, 1, 5, 5, true, [2026-09-25 14:48(39.681)], 533, 4, 1, 7, Labels [1, 5]
188, dice, matias Lopez, Diego Neira, 6, 5, 6, true, [2026-09-25 14:48(41.395)], 711, 4, 1, 8, Labels [6, 5]
189, dice, matias Lopez, Diego Neira, 5, 2, 5, true, [2026-09-25 14:48(42.994)], 595, 4, 1, 9, Labels [5, 2]
190, dice, matias Lopez, Diego Neira, 6, 2, 6, true, [2026-09-25 14:48(44.578)], 580, 4, 1, 10, Labels [6, 2]
191, dice, matias Lopez, Diego Neira, 6, 4, 6, true, [2026-09-25 14:48(46.203)], 622, 4, 1, 11, Labels [6, 4]
192, dice, matias Lopez, Diego Neira, 1, 4, 4, true, [2026-09-25 14:48(47.887)], 681, 4, 1, 12, Labels [1, 4]
193, dice, matias Lopez, Diego Neira, 4, 3, 4, true, [2026-09-25 14:48(49.754)], 864, 4, 1, 13, Labels [4, 3]
194, dice, matias Lopez, Diego Neira, 3, 4, 4, true, [2026-09-25 14:48(51.318)], 561, 4, 1, 14, Labels [3, 4]
195, dice, matias Lopez, Diego Neira, 6, 2, 6, true, [2026-09-25 14:48(52.871)], 550, 4, 1, 15, Labels [6, 2]
196, dice, matias Lopez, Diego Neira, 5, 2, 5, true, [2026-09-25 14:48(54.395)], 521, 4, 1, 16, Labels [5, 2]
197, dice, matias Lopez, Diego Neira, 2, 3, 3, true, [2026-09-25 14:48(55.949)], 550, 4, 1, 17, Labels [2, 3]
198, dice, matias Lopez, Diego Neira, 2, 3, 3, true, [2026-09-25 14:48(57.667)], 715, 4, 1, 18, Labels [2, 3]
199, dice, matias Lopez, Diego Neira, 3, 5, 5, true, [2026-09-25 14:48(59.315)], 645, 4, 1, 19, Labels [3, 5]
200, dice, matias Lopez, Diego Neira, 3, 4, 4, true, [2026-09-25 14:49(00.957)], 639, 4, 1, 20, Labels [3, 4]
201, Correct_Dice, matias Lopez, Diego Neira, 3, 6, 6, true, [2026-09-25 14:49(03.600)], 639, 4, 2, 1, Labels [3, 6]
202, Correct_Dice, matias Lopez, Diego Neira, 1, 6, 6, true, [2026-09-25 14:49(05.163)], 561, 4, 2, 2, Labels [1, 6]
203, Correct_Dice, matias Lopez, Diego Neira, 2, 3, 3, true, [2026-09-25 14:49(06.761)], 595, 4, 2, 3, Labels [2, 3]
204, Correct_Dice, matias Lopez, Diego Neira, 2, 6, 6, true, [2026-09-25 14:49(08.374)], 609, 4, 2, 4, Labels [2, 6]
205, Correct_Dice, matias Lopez, Diego Neira, 4, 1, 4, true, [2026-09-25 14:49(09.979)], 602, 4, 2, 5, Labels [4, 1]
206, Correct_Dice, matias Lopez, Diego Neira, 2, 1, 2, true, [2026-09-25 14:49(11.606)], 624, 4, 2, 6, Labels [2, 1]
207, Correct_Dice, matias Lopez, Diego Neira, 1, 5, 5, true, [2026-09-25 14:49(13.91)], 481, 4, 2, 7, Labels [1, 5]
208, Correct_Dice, matias Lopez, Diego Neira, 6, 5, 6, true, [2026-09-25 14:49(14.658)], 564, 4, 2, 8, Labels [6, 5]
209, Correct_Dice, matias Lopez, Diego Neira, 1, 4, 4, true, [2026-09-25 14:49(16.194)], 533, 4, 2, 9, Labels [1, 4]
210, Correct_Dice, matias Lopez, Diego Neira, 1, 4, 4, true, [2026-09-25 14:49(17.757)], 560, 4, 2, 10, Labels [1, 4]
211, Correct_Dice, matias Lopez, Diego Neira, 6, 2, 6, true, [2026-09-25 14:49(19.271)], 511, 4, 2, 11, Labels [6, 2]
212, Correct_Dice, matias Lopez, Diego Neira, 5, 6, 6, true, [2026-09-25 14:49(20.914)], 640, 4, 2, 12, Labels [5, 6]
213, Correct_Dice, matias Lopez, Diego Neira, 6, 1, 6, true, [2026-09-25 14:49(22.420)], 503, 4, 2, 13, Labels [6, 1]
214, Correct_Dice, matias Lopez, Diego Neira, 5, 1, 5, true, [2026-09-25 14:49(23.954)], 530, 4, 2, 14, Labels [5, 1]
215, Correct_Dice, matias Lopez, Diego Neira, 6, 5, 6, true, [2026-09-25 14:49(25.813)], 856, 4, 2, 15, Labels [6, 5]
216, Correct_Dice, matias Lopez, Diego Neira, 5, 2, 5, true, [2026-09-25 14:49(27.439)], 623, 4, 2, 16, Labels [5, 2]
217, Correct_Dice, matias Lopez, Diego Neira, 2, 6, 6, true, [2026-09-25 14:49(28.962)], 519, 4, 2, 17, Labels [2, 6]
218, Correct_Dice, matias Lopez, Diego Neira, 1, 6, 6, true, [2026-09-25 14:49(30.490)], 526, 4, 2, 18, Labels [1, 6]
219, Correct_Dice, matias Lopez, Diego Neira, 4, 2, 4, true, [2026-09-25 14:49(32.110)], 617, 4, 2, 19, Labels [4, 2]
220, Correct_Dice, matias Lopez, Diego Neira, 3, 5, 5, true, [2026-09-25 14:49(33.659)], 547, 4, 2, 20, Labels [3, 5]
221, Incorrect_Dice, matias Lopez, Diego Neira, 4, 3, 4, true, [2026-09-25 14:49(36.568)], 905, 4, 3, 1, Labels [0, 5]
222, Incorrect_Dice, matias Lopez, Diego Neira, 1, 2, 2, true, [2026-09-25 14:49(38.56)], 485, 4, 3, 2, Labels [8, 0]
223, Incorrect_Dice, matias Lopez, Diego Neira, 5, 2, 5, true, [2026-09-25 14:49(39.557)], 498, 4, 3, 3, Labels [1, 5]
224, Incorrect_Dice, matias Lopez, Diego Neira, 1, 5, 5, true, [2026-09-25 14:49(41.42)], 481, 4, 3, 4, Labels [7, 1]
225, Incorrect_Dice, matias Lopez, Diego Neira, 5, 6, 5, false, [2026-09-25 14:49(42.712)], 667, 4, 3, 5, Labels [9, 4]
226, Incorrect_Dice, matias Lopez, Diego Neira, 2, 6, 6, true, [2026-09-25 14:49(44.385)], 670, 4, 3, 6, Labels [7, 0]
227, Incorrect_Dice, matias Lopez, Diego Neira, 5, 2, 5, true, [2026-09-25 14:49(45.968)], 580, 4, 3, 7, Labels [0, 6]
228, Incorrect_Dice, matias Lopez, Diego Neira, 3, 5, 5, true, [2026-09-25 14:49(47.663)], 692, 4, 3, 8, Labels [5, 3]
229, Incorrect_Dice, matias Lopez, Diego Neira, 1, 3, 3, true, [2026-09-25 14:49(49.340)], 673, 4, 3, 9, Labels [3, 1]
230, Incorrect_Dice, matias Lopez, Diego Neira, 4, 2, 4, true, [2026-09-25 14:49(51.394)], 1051, 4, 3, 10, Labels [2, 9]
231, Incorrect_Dice, matias Lopez, Diego Neira, 5, 3, 5, true, [2026-09-25 14:49(53.42)], 645, 4, 3, 11, Labels [3, 7]
232, Incorrect_Dice, matias Lopez, Diego Neira, 1, 4, 4, true, [2026-09-25 14:49(54.608)], 564, 4, 3, 12, Labels [9, 1]
233, Incorrect_Dice, matias Lopez, Diego Neira, 2, 5, 5, true, [2026-09-25 14:49(56.169)], 558, 4, 3, 13, Labels [7, 0]
234, Incorrect_Dice, matias Lopez, Diego Neira, 4, 2, 4, true, [2026-09-25 14:49(57.768)], 595, 4, 3, 14, Labels [0, 4]
235, Incorrect_Dice, matias Lopez, Diego Neira, 6, 4, 6, true, [2026-09-25 14:49(59.791)], 1020, 4, 3, 15, Labels [4, 8]
236, Incorrect_Dice, matias Lopez, Diego Neira, 2, 1, 2, true, [2026-09-25 14:50(01.694)], 899, 4, 3, 16, Labels [0, 3]
237, Incorrect_Dice, matias Lopez, Diego Neira, 3, 1, 3, true, [2026-09-25 14:50(03.318)], 621, 4, 3, 17, Labels [1, 9]
238, Incorrect_Dice, matias Lopez, Diego Neira, 3, 5, 5, true, [2026-09-25 14:50(05.126)], 805, 4, 3, 18, Labels [6, 3]
239, Incorrect_Dice, matias Lopez, Diego Neira, 2, 1, 2, true, [2026-09-25 14:50(06.636)], 507, 4, 3, 19, Labels [0, 2]
240, Incorrect_Dice, matias Lopez, Diego Neira, 2, 4, 4, true, [2026-09-25 14:50(08.98)], 459, 4, 3, 20, Labels [6, 1]
241, dice, matias Lopez, Diego Neira, 4, 6, 6, true, [2026-09-25 14:50(10.745)], 643, 5, 1, 1, Labels [4, 6]
242, dice, matias Lopez, Diego Neira, 1, 6, 6, true, [2026-09-25 14:50(12.348)], 599, 5, 1, 2, Labels [1, 6]
243, dice, matias Lopez, Diego Neira, 1, 6, 6, true, [2026-09-25 14:50(14.213)], 862, 5, 1, 3, Labels [1, 6]
244, dice, matias Lopez, Diego Neira, 4, 3, 4, true, [2026-09-25 14:50(15.956)], 739, 5, 1, 4, Labels [4, 3]
245, dice, matias Lopez, Diego Neira, 1, 5, 5, true, [2026-09-25 14:50(17.438)], 478, 5, 1, 5, Labels [1, 5]
246, dice, matias Lopez, Diego Neira, 1, 2, 2, true, [2026-09-25 14:50(19.90)], 648, 5, 1, 6, Labels [1, 2]
247, dice, matias Lopez, Diego Neira, 4, 3, 4, true, [2026-09-25 14:50(20.691)], 597, 5, 1, 7, Labels [4, 3]
248, dice, matias Lopez, Diego Neira, 1, 2, 2, true, [2026-09-25 14:50(22.198)], 504, 5, 1, 8, Labels [1, 2]
249, dice, matias Lopez, Diego Neira, 3, 4, 4, true, [2026-09-25 14:50(23.767)], 565, 5, 1, 9, Labels [3, 4]
250, dice, matias Lopez, Diego Neira, 3, 2, 3, true, [2026-09-25 14:50(25.451)], 681, 5, 1, 10, Labels [3, 2]
251, dice, matias Lopez, Diego Neira, 5, 2, 5, true, [2026-09-25 14:50(27.20)], 565, 5, 1, 11, Labels [5, 2]
252, dice, matias Lopez, Diego Neira, 1, 5, 5, true, [2026-09-25 14:50(28.505)], 482, 5, 1, 12, Labels [1, 5]
253, dice, matias Lopez, Diego Neira, 1, 2, 2, true, [2026-09-25 14:50(30.81)], 572, 5, 1, 13, Labels [1, 2]
254, dice, matias Lopez, Diego Neira, 4, 5, 5, true, [2026-09-25 14:50(31.891)], 807, 5, 1, 14, Labels [4, 5]
255, dice, matias Lopez, Diego Neira, 3, 4, 4, true, [2026-09-25 14:50(33.548)], 654, 5, 1, 15, Labels [3, 4]
256, dice, matias Lopez, Diego Neira, 1, 3, 3, true, [2026-09-25 14:50(35.209)], 657, 5, 1, 16, Labels [1, 3]
257, dice, matias Lopez, Diego Neira, 5, 4, 5, true, [2026-09-25 14:50(36.991)], 778, 5, 1, 17, Labels [5, 4]
258, dice, matias Lopez, Diego Neira, 4, 5, 5, true, [2026-09-25 14:50(38.656)], 661, 5, 1, 18, Labels [4, 5]
259, dice, matias Lopez, Diego Neira, 5, 1, 5, true, [2026-09-25 14:50(40.191)], 532, 5, 1, 19, Labels [5, 1]
260, dice, matias Lopez, Diego Neira, 1, 6, 6, true, [2026-09-25 14:50(41.738)], 544, 5, 1, 20, Labels [1, 6]
261, Correct_Dice, matias Lopez, Diego Neira, 5, 3, 5, true, [2026-09-25 14:50(44.364)], 622, 5, 2, 1, Labels [5, 3]
262, Correct_Dice, matias Lopez, Diego Neira, 2, 4, 4, true, [2026-09-25 14:50(45.822)], 454, 5, 2, 2, Labels [2, 4]
263, Correct_Dice, matias Lopez, Diego Neira, 3, 4, 4, true, [2026-09-25 14:50(47.412)], 587, 5, 2, 3, Labels [3, 4]
264, Correct_Dice, matias Lopez, Diego Neira, 4, 5, 5, true, [2026-09-25 14:50(49.4)], 589, 5, 2, 4, Labels [4, 5]
265, Correct_Dice, matias Lopez, Diego Neira, 4, 1, 4, true, [2026-09-25 14:50(50.554)], 547, 5, 2, 5, Labels [4, 1]
266, Correct_Dice, matias Lopez, Diego Neira, 2, 1, 2, true, [2026-09-25 14:50(52.158)], 600, 5, 2, 6, Labels [2, 1]
267, Correct_Dice, matias Lopez, Diego Neira, 1, 4, 4, true, [2026-09-25 14:50(53.737)], 575, 5, 2, 7, Labels [1, 4]
268, Correct_Dice, matias Lopez, Diego Neira, 5, 1, 5, true, [2026-09-25 14:50(55.268)], 528, 5, 2, 8, Labels [5, 1]
269, Correct_Dice, matias Lopez, Diego Neira, 3, 4, 4, true, [2026-09-25 14:50(56.766)], 494, 5, 2, 9, Labels [3, 4]
270, Correct_Dice, matias Lopez, Diego Neira, 3, 1, 3, true, [2026-09-25 14:50(58.316)], 545, 5, 2, 10, Labels [3, 1]
271, Correct_Dice, matias Lopez, Diego Neira, 4, 1, 4, true, [2026-09-25 14:50(59.779)], 458, 5, 2, 11, Labels [4, 1]
272, Correct_Dice, matias Lopez, Diego Neira, 2, 3, 3, true, [2026-09-25 14:51(01.419)], 636, 5, 2, 12, Labels [2, 3]
273, Correct_Dice, matias Lopez, Diego Neira, 6, 5, 6, true, [2026-09-25 14:51(03.225)], 803, 5, 2, 13, Labels [6, 5]
274, Correct_Dice, matias Lopez, Diego Neira, 6, 2, 6, true, [2026-09-25 14:51(04.919)], 690, 5, 2, 14, Labels [6, 2]
275, Correct_Dice, matias Lopez, Diego Neira, 3, 5, 5, true, [2026-09-25 14:51(06.463)], 541, 5, 2, 15, Labels [3, 5]
276, Correct_Dice, matias Lopez, Diego Neira, 3, 6, 6, true, [2026-09-25 14:51(08.3)], 537, 5, 2, 16, Labels [3, 6]
277, Correct_Dice, matias Lopez, Diego Neira, 1, 3, 3, true, [2026-09-25 14:51(09.627)], 617, 5, 2, 17, Labels [1, 3]
278, Correct_Dice, matias Lopez, Diego Neira, 2, 1, 2, true, [2026-09-25 14:51(11.352)], 721, 5, 2, 18, Labels [2, 1]
279, Correct_Dice, matias Lopez, Diego Neira, 3, 2, 3, true, [2026-09-25 14:51(13.14)], 659, 5, 2, 19, Labels [3, 2]
280, Correct_Dice, matias Lopez, Diego Neira, 6, 3, 6, true, [2026-09-25 14:51(14.699)], 682, 5, 2, 20, Labels [6, 3]
281, Incorrect_Dice, matias Lopez, Diego Neira, 5, 4, 5, true, [2026-09-25 14:51(17.586)], 883, 5, 3, 1, Labels [3, 6]
282, Incorrect_Dice, matias Lopez, Diego Neira, 4, 5, 5, true, [2026-09-25 14:51(19.384)], 794, 5, 3, 2, Labels [5, 2]
283, Incorrect_Dice, matias Lopez, Diego Neira, 3, 4, 4, true, [2026-09-25 14:51(21.124)], 736, 5, 3, 3, Labels [8, 2]
284, Incorrect_Dice, matias Lopez, Diego Neira, 5, 4, 5, true, [2026-09-25 14:51(22.900)], 772, 5, 3, 4, Labels [2, 7]
285, Incorrect_Dice, matias Lopez, Diego Neira, 4, 1, 4, true, [2026-09-25 14:51(24.453)], 549, 5, 3, 5, Labels [1, 4]
286, Incorrect_Dice, matias Lopez, Diego Neira, 5, 1, 5, true, [2026-09-25 14:51(25.918)], 462, 5, 3, 6, Labels [0, 7]
287, Incorrect_Dice, matias Lopez, Diego Neira, 3, 6, 6, true, [2026-09-25 14:51(27.399)], 477, 5, 3, 7, Labels [8, 1]
288, Incorrect_Dice, matias Lopez, Diego Neira, 4, 5, 5, true, [2026-09-25 14:51(29.48)], 645, 5, 3, 8, Labels [6, 0]
289, Incorrect_Dice, matias Lopez, Diego Neira, 3, 4, 4, true, [2026-09-25 14:51(30.905)], 854, 5, 3, 9, Labels [9, 0]
290, Incorrect_Dice, matias Lopez, Diego Neira, 4, 2, 4, true, [2026-09-25 14:51(32.574)], 664, 5, 3, 10, Labels [0, 5]
291, Incorrect_Dice, matias Lopez, Diego Neira, 5, 3, 5, true, [2026-09-25 14:51(34.705)], 1127, 5, 3, 11, Labels [2, 5]
292, Incorrect_Dice, matias Lopez, Diego Neira, 6, 5, 6, true, [2026-09-25 14:51(36.476)], 766, 5, 3, 12, Labels [1, 8]
293, Incorrect_Dice, matias Lopez, Diego Neira, 1, 6, 6, true, [2026-09-25 14:51(38.62)], 582, 5, 3, 13, Labels [8, 1]
294, Incorrect_Dice, matias Lopez, Diego Neira, 5, 1, 5, true, [2026-09-25 14:51(39.545)], 478, 5, 3, 14, Labels [1, 8]
295, Incorrect_Dice, matias Lopez, Diego Neira, 6, 4, 6, true, [2026-09-25 14:51(41.159)], 610, 5, 3, 15, Labels [2, 9]
296, Incorrect_Dice, matias Lopez, Diego Neira, 3, 2, 3, true, [2026-09-25 14:51(42.808)], 645, 5, 3, 16, Labels [0, 7]
297, Incorrect_Dice, matias Lopez, Diego Neira, 2, 5, 5, true, [2026-09-25 14:51(44.511)], 700, 5, 3, 17, Labels [7, 2]
298, Incorrect_Dice, matias Lopez, Diego Neira, 4, 2, 4, true, [2026-09-25 14:51(46.128)], 613, 5, 3, 18, Labels [2, 9]
299, Incorrect_Dice, matias Lopez, Diego Neira, 6, 1, 6, true, [2026-09-25 14:51(47.638)], 506, 5, 3, 19, Labels [1, 6]
300, Incorrect_Dice, matias Lopez, Diego Neira, 6, 3, 6, true, [2026-09-25 14:51(49.261)], 618, 5, 3, 20, Labels [0, 6]
301, dice, matias Lopez, Diego Neira, 6, 1, 6, true, [2026-09-25 14:51(51.691)], 426, 6, 1, 1, Labels [6, 1]
302, dice, matias Lopez, Diego Neira, 2, 5, 5, true, [2026-09-25 14:51(53.78)], 383, 6, 1, 2, Labels [2, 5]
303, dice, matias Lopez, Diego Neira, 4, 6, 6, true, [2026-09-25 14:51(54.667)], 585, 6, 1, 3, Labels [4, 6]
304, dice, matias Lopez, Diego Neira, 4, 3, 4, true, [2026-09-25 14:51(56.265)], 593, 6, 1, 4, Labels [4, 3]
305, dice, matias Lopez, Diego Neira, 6, 4, 6, true, [2026-09-25 14:51(57.783)], 513, 6, 1, 5, Labels [6, 4]
306, dice, matias Lopez, Diego Neira, 6, 1, 6, true, [2026-09-25 14:51(59.249)], 463, 6, 1, 6, Labels [6, 1]
307, dice, matias Lopez, Diego Neira, 3, 6, 6, true, [2026-09-25 14:52(00.717)], 465, 6, 1, 7, Labels [3, 6]
308, dice, matias Lopez, Diego Neira, 5, 3, 5, true, [2026-09-25 14:52(02.348)], 627, 6, 1, 8, Labels [5, 3]
309, dice, matias Lopez, Diego Neira, 6, 3, 6, true, [2026-09-25 14:52(03.848)], 496, 6, 1, 9, Labels [6, 3]
310, dice, matias Lopez, Diego Neira, 2, 5, 5, true, [2026-09-25 14:52(05.359)], 507, 6, 1, 10, Labels [2, 5]
311, dice, matias Lopez, Diego Neira, 2, 1, 2, true, [2026-09-25 14:52(07.2)], 639, 6, 1, 11, Labels [2, 1]
312, dice, matias Lopez, Diego Neira, 6, 2, 6, true, [2026-09-25 14:52(08.505)], 499, 6, 1, 12, Labels [6, 2]
313, dice, matias Lopez, Diego Neira, 2, 1, 2, true, [2026-09-25 14:52(10.159)], 651, 6, 1, 13, Labels [2, 1]
314, dice, matias Lopez, Diego Neira, 4, 6, 6, true, [2026-09-25 14:52(11.743)], 580, 6, 1, 14, Labels [4, 6]
315, dice, matias Lopez, Diego Neira, 6, 1, 6, true, [2026-09-25 14:52(13.194)], 448, 6, 1, 15, Labels [6, 1]
316, dice, matias Lopez, Diego Neira, 4, 5, 5, true, [2026-09-25 14:52(14.533)], 336, 6, 1, 16, Labels [4, 5]
317, dice, matias Lopez, Diego Neira, 1, 6, 6, true, [2026-09-25 14:52(16.54)], 518, 6, 1, 17, Labels [1, 6]
318, dice, matias Lopez, Diego Neira, 1, 3, 3, true, [2026-09-25 14:52(17.612)], 554, 6, 1, 18, Labels [1, 3]
319, dice, matias Lopez, Diego Neira, 3, 6, 6, true, [2026-09-25 14:52(19.316)], 700, 6, 1, 19, Labels [3, 6]
320, dice, matias Lopez, Diego Neira, 4, 1, 4, true, [2026-09-25 14:52(20.912)], 591, 6, 1, 20, Labels [4, 1]
321, Correct_Dice, matias Lopez, Diego Neira, 1, 3, 3, true, [2026-09-25 14:52(23.393)], 476, 6, 2, 1, Labels [1, 3]
322, Correct_Dice, matias Lopez, Diego Neira, 5, 4, 5, true, [2026-09-25 14:52(25.197)], 800, 6, 2, 2, Labels [5, 4]
323, Correct_Dice, matias Lopez, Diego Neira, 2, 4, 4, true, [2026-09-25 14:52(26.755)], 555, 6, 2, 3, Labels [2, 4]
324, Correct_Dice, matias Lopez, Diego Neira, 1, 3, 3, true, [2026-09-25 14:52(28.329)], 570, 6, 2, 4, Labels [1, 3]
325, Correct_Dice, matias Lopez, Diego Neira, 1, 5, 5, true, [2026-09-25 14:52(29.826)], 493, 6, 2, 5, Labels [1, 5]
326, Correct_Dice, matias Lopez, Diego Neira, 6, 4, 6, true, [2026-09-25 14:52(31.462)], 631, 6, 2, 6, Labels [6, 4]
327, Correct_Dice, matias Lopez, Diego Neira, 4, 1, 4, true, [2026-09-25 14:52(33.41)], 575, 6, 2, 7, Labels [4, 1]
328, Correct_Dice, matias Lopez, Diego Neira, 5, 2, 5, true, [2026-09-25 14:52(34.531)], 484, 6, 2, 8, Labels [5, 2]
329, Correct_Dice, matias Lopez, Diego Neira, 3, 4, 4, true, [2026-09-25 14:52(36.13)], 478, 6, 2, 9, Labels [3, 4]
330, Correct_Dice, matias Lopez, Diego Neira, 3, 4, 4, true, [2026-09-25 14:52(38.582)], 1566, 6, 2, 10, Labels [3, 4]
331, Correct_Dice, matias Lopez, Diego Neira, 3, 1, 3, true, [2026-09-25 14:52(40.273)], 687, 6, 2, 11, Labels [3, 1]
332, Correct_Dice, matias Lopez, Diego Neira, 4, 2, 4, true, [2026-09-25 14:52(41.897)], 619, 6, 2, 12, Labels [4, 2]
333, Correct_Dice, matias Lopez, Diego Neira, 4, 5, 5, true, [2026-09-25 14:52(43.399)], 498, 6, 2, 13, Labels [4, 5]
334, Correct_Dice, matias Lopez, Diego Neira, 4, 2, 4, true, [2026-09-25 14:52(45.10)], 607, 6, 2, 14, Labels [4, 2]
335, Correct_Dice, matias Lopez, Diego Neira, 1, 2, 2, true, [2026-09-25 14:52(46.630)], 617, 6, 2, 15, Labels [1, 2]
336, Correct_Dice, matias Lopez, Diego Neira, 3, 5, 5, true, [2026-09-25 14:52(48.193)], 558, 6, 2, 16, Labels [3, 5]
337, Correct_Dice, matias Lopez, Diego Neira, 2, 6, 6, true, [2026-09-25 14:52(49.638)], 440, 6, 2, 17, Labels [2, 6]
338, Correct_Dice, matias Lopez, Diego Neira, 6, 5, 6, true, [2026-09-25 14:52(51.288)], 645, 6, 2, 18, Labels [6, 5]
339, Correct_Dice, matias Lopez, Diego Neira, 5, 1, 5, true, [2026-09-25 14:52(52.832)], 540, 6, 2, 19, Labels [5, 1]
340, Correct_Dice, matias Lopez, Diego Neira, 6, 1, 6, true, [2026-09-25 14:52(54.320)], 484, 6, 2, 20, Labels [6, 1]
341, Incorrect_Dice, matias Lopez, Diego Neira, 4, 5, 5, true, [2026-09-25 14:52(56.972)], 647, 6, 3, 1, Labels [6, 3]
342, Incorrect_Dice, matias Lopez, Diego Neira, 5, 4, 5, true, [2026-09-25 14:52(58.813)], 838, 6, 3, 2, Labels [0, 5]
343, Incorrect_Dice, matias Lopez, Diego Neira, 3, 4, 4, true, [2026-09-25 14:53(00.584)], 768, 6, 3, 3, Labels [6, 1]
344, Incorrect_Dice, matias Lopez, Diego Neira, 6, 3, 6, true, [2026-09-25 14:53(02.87)], 500, 6, 3, 4, Labels [3, 8]
345, Incorrect_Dice, matias Lopez, Diego Neira, 3, 2, 3, true, [2026-09-25 14:53(03.640)], 549, 6, 3, 5, Labels [0, 8]
346, Incorrect_Dice, matias Lopez, Diego Neira, 2, 1, 2, true, [2026-09-25 14:53(05.173)], 528, 6, 3, 6, Labels [0, 3]
347, Incorrect_Dice, matias Lopez, Diego Neira, 6, 3, 6, true, [2026-09-25 14:53(06.594)], 418, 6, 3, 7, Labels [2, 8]
348, Incorrect_Dice, matias Lopez, Diego Neira, 3, 2, 3, true, [2026-09-25 14:53(08.238)], 639, 6, 3, 8, Labels [2, 3]
349, Incorrect_Dice, matias Lopez, Diego Neira, 2, 5, 5, true, [2026-09-25 14:53(09.676)], 434, 6, 3, 9, Labels [9, 2]
350, Incorrect_Dice, matias Lopez, Diego Neira, 6, 4, 6, true, [2026-09-25 14:53(11.177)], 496, 6, 3, 10, Labels [2, 8]
351, Incorrect_Dice, matias Lopez, Diego Neira, 4, 3, 4, true, [2026-09-25 14:53(12.942)], 760, 6, 3, 11, Labels [3, 9]
352, Incorrect_Dice, matias Lopez, Diego Neira, 3, 6, 6, true, [2026-09-25 14:53(14.489)], 543, 6, 3, 12, Labels [9, 0]
353, Incorrect_Dice, matias Lopez, Diego Neira, 6, 4, 6, true, [2026-09-25 14:53(16.150)], 655, 6, 3, 13, Labels [4, 9]
354, Incorrect_Dice, matias Lopez, Diego Neira, 6, 3, 6, true, [2026-09-25 14:53(17.697)], 543, 6, 3, 14, Labels [1, 9]
355, Incorrect_Dice, matias Lopez, Diego Neira, 3, 6, 6, true, [2026-09-25 14:53(19.270)], 568, 6, 3, 15, Labels [7, 3]
356, Incorrect_Dice, matias Lopez, Diego Neira, 2, 4, 4, true, [2026-09-25 14:53(20.797)], 522, 6, 3, 16, Labels [9, 0]
357, Incorrect_Dice, matias Lopez, Diego Neira, 1, 2, 2, true, [2026-09-25 14:53(22.402)], 600, 6, 3, 17, Labels [4, 1]
358, Incorrect_Dice, matias Lopez, Diego Neira, 1, 2, 2, true, [2026-09-25 14:53(24.9)], 603, 6, 3, 18, Labels [9, 0]
359, Incorrect_Dice, matias Lopez, Diego Neira, 4, 6, 6, true, [2026-09-25 14:53(25.527)], 514, 6, 3, 19, Labels [6, 1]
360, Incorrect_Dice, matias Lopez, Diego Neira, 6, 3, 6, true, [2026-09-25 14:53(27.119)], 588, 6, 3, 20, Labels [0, 6]
361, dice, matias Lopez, Diego Neira, 2, 1, 2, true, [2026-09-25 14:53(29.644)], 521, 7, 1, 1, Labels [2, 1]
362, dice, matias Lopez, Diego Neira, 2, 1, 2, true, [2026-09-25 14:53(31.449)], 802, 7, 1, 2, Labels [2, 1]
363, dice, matias Lopez, Diego Neira, 3, 6, 6, true, [2026-09-25 14:53(33.170)], 716, 7, 1, 3, Labels [3, 6]
364, dice, matias Lopez, Diego Neira, 1, 4, 4, true, [2026-09-25 14:53(34.604)], 430, 7, 1, 4, Labels [1, 4]
365, dice, matias Lopez, Diego Neira, 4, 5, 5, true, [2026-09-25 14:53(36.303)], 694, 7, 1, 5, Labels [4, 5]
366, dice, matias Lopez, Diego Neira, 5, 4, 5, true, [2026-09-25 14:53(37.923)], 616, 7, 1, 6, Labels [5, 4]
367, dice, matias Lopez, Diego Neira, 1, 5, 5, true, [2026-09-25 14:53(39.409)], 482, 7, 1, 7, Labels [1, 5]
368, dice, matias Lopez, Diego Neira, 2, 6, 6, true, [2026-09-25 14:53(40.973)], 559, 7, 1, 8, Labels [2, 6]
369, dice, matias Lopez, Diego Neira, 5, 4, 5, true, [2026-09-25 14:53(42.622)], 645, 7, 1, 9, Labels [5, 4]
370, dice, matias Lopez, Diego Neira, 1, 2, 2, true, [2026-09-25 14:53(44.193)], 567, 7, 1, 10, Labels [1, 2]
371, dice, matias Lopez, Diego Neira, 2, 3, 3, true, [2026-09-25 14:53(45.938)], 740, 7, 1, 11, Labels [2, 3]
372, dice, matias Lopez, Diego Neira, 4, 3, 4, true, [2026-09-25 14:53(47.621)], 678, 7, 1, 12, Labels [4, 3]
373, dice, matias Lopez, Diego Neira, 3, 1, 3, true, [2026-09-25 14:53(49.141)], 515, 7, 1, 13, Labels [3, 1]
374, dice, matias Lopez, Diego Neira, 2, 6, 6, true, [2026-09-25 14:53(50.630)], 484, 7, 1, 14, Labels [2, 6]
375, dice, matias Lopez, Diego Neira, 2, 3, 3, true, [2026-09-25 14:53(52.189)], 554, 7, 1, 15, Labels [2, 3]
376, dice, matias Lopez, Diego Neira, 4, 1, 4, true, [2026-09-25 14:53(53.600)], 405, 7, 1, 16, Labels [4, 1]
377, dice, matias Lopez, Diego Neira, 3, 4, 4, true, [2026-09-25 14:53(55.103)], 499, 7, 1, 17, Labels [3, 4]
378, dice, matias Lopez, Diego Neira, 5, 2, 5, true, [2026-09-25 14:53(56.464)], 357, 7, 1, 18, Labels [5, 2]
379, dice, matias Lopez, Diego Neira, 6, 3, 3, false, [2026-09-25 14:53(57.853)], 384, 7, 1, 19, Labels [6, 3]
380, dice, matias Lopez, Diego Neira, 5, 2, 5, true, [2026-09-25 14:53(59.401)], 544, 7, 1, 20, Labels [5, 2]
381, Correct_Dice, matias Lopez, Diego Neira, 3, 1, 3, true, [2026-09-25 14:54(01.967)], 562, 7, 2, 1, Labels [3, 1]
382, Correct_Dice, matias Lopez, Diego Neira, 5, 6, 6, true, [2026-09-25 14:54(03.725)], 753, 7, 2, 2, Labels [5, 6]
383, Correct_Dice, matias Lopez, Diego Neira, 1, 4, 4, true, [2026-09-25 14:54(05.332)], 603, 7, 2, 3, Labels [1, 4]
384, Correct_Dice, matias Lopez, Diego Neira, 6, 3, 6, true, [2026-09-25 14:54(06.944)], 608, 7, 2, 4, Labels [6, 3]
385, Correct_Dice, matias Lopez, Diego Neira, 5, 3, 5, true, [2026-09-25 14:54(08.514)], 565, 7, 2, 5, Labels [5, 3]
386, Correct_Dice, matias Lopez, Diego Neira, 5, 3, 5, true, [2026-09-25 14:54(10.388)], 869, 7, 2, 6, Labels [5, 3]
387, Correct_Dice, matias Lopez, Diego Neira, 3, 5, 5, true, [2026-09-25 14:54(12.36)], 643, 7, 2, 7, Labels [3, 5]
388, Correct_Dice, matias Lopez, Diego Neira, 5, 4, 5, true, [2026-09-25 14:54(13.680)], 640, 7, 2, 8, Labels [5, 4]
389, Correct_Dice, matias Lopez, Diego Neira, 5, 6, 6, true, [2026-09-25 14:54(15.331)], 647, 7, 2, 9, Labels [5, 6]
390, Correct_Dice, matias Lopez, Diego Neira, 2, 4, 4, true, [2026-09-25 14:54(16.932)], 597, 7, 2, 10, Labels [2, 4]
391, Correct_Dice, matias Lopez, Diego Neira, 1, 5, 5, true, [2026-09-25 14:54(18.567)], 630, 7, 2, 11, Labels [1, 5]
392, Correct_Dice, matias Lopez, Diego Neira, 3, 5, 5, true, [2026-09-25 14:54(20.127)], 555, 7, 2, 12, Labels [3, 5]
393, Correct_Dice, matias Lopez, Diego Neira, 4, 5, 5, true, [2026-09-25 14:54(21.632)], 501, 7, 2, 13, Labels [4, 5]
394, Correct_Dice, matias Lopez, Diego Neira, 5, 3, 5, true, [2026-09-25 14:54(23.629)], 993, 7, 2, 14, Labels [5, 3]
395, Correct_Dice, matias Lopez, Diego Neira, 5, 6, 6, true, [2026-09-25 14:54(25.223)], 590, 7, 2, 15, Labels [5, 6]
396, Correct_Dice, matias Lopez, Diego Neira, 1, 3, 3, true, [2026-09-25 14:54(26.709)], 481, 7, 2, 16, Labels [1, 3]
397, Correct_Dice, matias Lopez, Diego Neira, 2, 6, 6, true, [2026-09-25 14:54(28.293)], 580, 7, 2, 17, Labels [2, 6]
398, Correct_Dice, matias Lopez, Diego Neira, 3, 2, 3, true, [2026-09-25 14:54(29.994)], 697, 7, 2, 18, Labels [3, 2]
399, Correct_Dice, matias Lopez, Diego Neira, 1, 6, 6, true, [2026-09-25 14:54(31.526)], 527, 7, 2, 19, Labels [1, 6]
400, Correct_Dice, matias Lopez, Diego Neira, 2, 3, 3, true, [2026-09-25 14:54(33.126)], 596, 7, 2, 20, Labels [2, 3]
401, Incorrect_Dice, matias Lopez, Diego Neira, 6, 5, 6, true, [2026-09-25 14:54(35.787)], 656, 7, 3, 1, Labels [1, 9]
402, Incorrect_Dice, matias Lopez, Diego Neira, 2, 5, 5, true, [2026-09-25 14:54(37.528)], 735, 7, 3, 2, Labels [7, 1]
403, Incorrect_Dice, matias Lopez, Diego Neira, 2, 4, 4, true, [2026-09-25 14:54(39.155)], 623, 7, 3, 3, Labels [5, 1]
404, Incorrect_Dice, matias Lopez, Diego Neira, 6, 2, 6, true, [2026-09-25 14:54(40.995)], 835, 7, 3, 4, Labels [0, 7]
405, Incorrect_Dice, matias Lopez, Diego Neira, 3, 2, 3, true, [2026-09-25 14:54(43.456)], 1457, 7, 3, 5, Labels [0, 8]
406, Incorrect_Dice, matias Lopez, Diego Neira, 3, 2, 3, true, [2026-09-25 14:54(45.330)], 869, 7, 3, 6, Labels [0, 4]
407, Incorrect_Dice, matias Lopez, Diego Neira, 6, 4, 6, true, [2026-09-25 14:54(46.980)], 644, 7, 3, 7, Labels [3, 8]
408, Incorrect_Dice, matias Lopez, Diego Neira, 6, 2, 6, true, [2026-09-25 14:54(48.545)], 561, 7, 3, 8, Labels [0, 9]
409, Incorrect_Dice, matias Lopez, Diego Neira, 3, 6, 6, true, [2026-09-25 14:54(50.110)], 560, 7, 3, 9, Labels [6, 2]
410, Incorrect_Dice, matias Lopez, Diego Neira, 3, 6, 6, true, [2026-09-25 14:54(51.685)], 569, 7, 3, 10, Labels [8, 2]
411, Incorrect_Dice, matias Lopez, Diego Neira, 4, 2, 4, true, [2026-09-25 14:54(53.441)], 751, 7, 3, 11, Labels [1, 6]
412, Incorrect_Dice, matias Lopez, Diego Neira, 4, 1, 4, true, [2026-09-25 14:54(55.303)], 858, 7, 3, 12, Labels [0, 8]
413, Incorrect_Dice, matias Lopez, Diego Neira, 4, 1, 4, true, [2026-09-25 14:54(56.949)], 641, 7, 3, 13, Labels [0, 4]
414, Incorrect_Dice, matias Lopez, Diego Neira, 3, 2, 3, true, [2026-09-25 14:54(58.577)], 624, 7, 3, 14, Labels [0, 3]
415, Incorrect_Dice, matias Lopez, Diego Neira, 6, 5, 6, true, [2026-09-25 14:55(00.377)], 795, 7, 3, 15, Labels [3, 7]
416, Incorrect_Dice, matias Lopez, Diego Neira, 4, 6, 6, true, [2026-09-25 14:55(02.90)], 707, 7, 3, 16, Labels [6, 3]
417, Incorrect_Dice, matias Lopez, Diego Neira, 2, 5, 5, true, [2026-09-25 14:55(03.661)], 567, 7, 3, 17, Labels [6, 0]
418, Incorrect_Dice, matias Lopez, Diego Neira, 5, 6, 6, true, [2026-09-25 14:55(05.551)], 885, 7, 3, 18, Labels [7, 2]
419, Incorrect_Dice, matias Lopez, Diego Neira, 4, 3, 4, true, [2026-09-25 14:55(07.202)], 647, 7, 3, 19, Labels [3, 4]
420, Incorrect_Dice, matias Lopez, Diego Neira, 2, 4, 4, true, [2026-09-25 14:55(08.782)], 576, 7, 3, 20, Labels [8, 2]
